{
  "psnr_hole": 14.412980079650879,
  "l1_hole": 0.20122989267110825
}